Date,Timestamp,Event,KeyCode,SequenceTime_ms,TimeSinceLastKey_ms,KeyOrder,KeyType,ExpectedKey1,ExpectedKey2,SequenceNumber,SequenceComposition,SequenceSpeed,SequenceValidity,SequenceType,SequenceWindowClosure,TargetFabInputRate,TargetRecognitionRate,StartPolicyReview,Trials,InterTrialIntervalSeconds,InputWindowSeconds,GameState,GamePolicy,CurrentRecognitionRate,FabAlarmFixationPoint,FabAlarmVariability,CurrentFabRate,CurrentFabAlarm,
2020-01-15,13:38:50.0434,Running,NA,NA,NA,NA,NA,NA,NA,NA,NA,NA,NA,NA,NA,0.2,0.4,0.4,20,2.5,2,Running,NA,NA,1,0.25,NA,NA,
2020-01-15,13:38:52.5346,InputWindowOpen,NA,NA,NA,NA,NA,NA,NA,NA,NA,NA,NA,NA,NA,0.2,0.4,0.4,20,2.5,2,Running,NA,NA,1,0.25,NA,NA,
2020-01-15,13:38:52.7221,KeyDown,T,0,0,0,CorrectKey,T,None,0,Correct,Fast,Accepted,TYUI,ClosedByInputThreshold,0.2,0.4,0.4,20,2.5,2,Running,NA,NA,1,0.25,NA,NA,
2020-01-15,13:38:53.0433,KeyDown,I,0.3221591,0.3221591,1,CorrectKey,Y,I,0,Correct,Fast,Accepted,TYUI,ClosedByInputThreshold,0.2,0.4,0.4,20,2.5,2,Running,NA,NA,1,0.25,NA,NA,
2020-01-15,13:38:53.0772,KeyDown,Y,0.3560603,0.0339012,2,CorrectKey,Y,I,0,Correct,Fast,Accepted,TYUI,ClosedByInputThreshold,0.2,0.4,0.4,20,2.5,2,Running,NA,NA,1,0.25,NA,NA,
2020-01-15,13:38:53.5519,KeyDown,U,0.8308353,0.4747751,3,CorrectKey,U,None,0,Correct,Fast,Accepted,TYUI,ClosedByInputThreshold,0.2,0.4,0.4,20,2.5,2,Running,NA,NA,1,0.25,NA,NA,
2020-01-15,13:38:53.5558,KeySequenceStopped,NA,0.8477845,0.0169492,NA,NA,NA,NA,0,Correct,Fast,Accepted,TYUI,ClosedByInputThreshold,0.2,0.4,0.4,20,2.5,2,Running,NA,NA,1,0.25,NA,NA,
2020-01-15,13:38:54.5379,InputWindowClosed,NA,NA,NA,NA,NA,NA,NA,NA,NA,NA,NA,NA,NA,0.2,0.4,0.4,20,2.5,2,Running,NA,NA,1,0.25,NA,NA,
2020-01-15,13:38:54.5390,DecisionRejectAllInput,NA,NA,NA,NA,NA,NA,NA,NA,NA,NA,NA,NA,NA,0.2,0.4,0.4,20,2.5,2,Running,NA,0,1,0.25,0,0.8895202,
2020-01-15,13:38:54.5420,NewPolicyMeetDesignGoals,NA,NA,NA,NA,NA,NA,NA,NA,NA,NA,NA,NA,NA,0.2,0.4,0.4,20,2.5,2,Running,MeetDesignGoals,0,1,0.25,0,0.8895202,
2020-01-15,13:38:57.0513,InputWindowOpen,NA,NA,NA,NA,NA,NA,NA,NA,NA,NA,NA,NA,NA,0.2,0.4,0.4,20,2.5,2,Running,MeetDesignGoals,0,1,0.25,0,0.8895202,
2020-01-15,13:38:58.8360,InputWindowClosed,NA,NA,NA,NA,NA,NA,NA,NA,NA,NA,NA,NA,NA,0.2,0.4,0.4,20,2.5,2,Running,MeetDesignGoals,0,1,0.25,0,0.8895202,
2020-01-15,13:38:58.8370,DecisionAcceptAllInput,NA,NA,NA,NA,NA,NA,NA,NA,NA,NA,NA,NA,NA,0.2,0.4,0.4,20,2.5,2,Running,MeetDesignGoals,0.5,1,0.25,0.5,0.8527944,
2020-01-15,13:38:58.8390,NewPolicyMeetDesignGoals,NA,NA,NA,NA,NA,NA,NA,NA,NA,NA,NA,NA,NA,0.2,0.4,0.4,20,2.5,2,Running,MeetDesignGoals,0.5,1,0.25,0.5,0.8527944,
2020-01-15,13:38:58.0871,KeyDown,T,0,0,0,CorrectKey,T,None,1,Correct,Fast,Accepted,TYUI,ClosedByInputThreshold,0.2,0.4,0.4,20,2.5,2,Running,MeetDesignGoals,0.5,1,0.25,0.5,0.8527944,
2020-01-15,13:38:58.4601,KeyDown,Y,0.3729972,0.3729972,1,CorrectKey,Y,I,1,Correct,Fast,Accepted,TYUI,ClosedByInputThreshold,0.2,0.4,0.4,20,2.5,2,Running,MeetDesignGoals,0.5,1,0.25,0.5,0.8527944,
2020-01-15,13:38:58.5618,KeyDown,I,0.4747091,0.1017119,2,CorrectKey,Y,I,1,Correct,Fast,Accepted,TYUI,ClosedByInputThreshold,0.2,0.4,0.4,20,2.5,2,Running,MeetDesignGoals,0.5,1,0.25,0.5,0.8527944,
2020-01-15,13:38:58.8331,KeyDown,U,0.7460406,0.2713315,3,CorrectKey,U,None,1,Correct,Fast,Accepted,TYUI,ClosedByInputThreshold,0.2,0.4,0.4,20,2.5,2,Running,MeetDesignGoals,0.5,1,0.25,0.5,0.8527944,
2020-01-15,13:38:58.8350,KeySequenceStopped,NA,0.76299,0.0169494,NA,NA,NA,NA,1,Correct,Fast,Accepted,TYUI,ClosedByInputThreshold,0.2,0.4,0.4,20,2.5,2,Running,MeetDesignGoals,0.5,1,0.25,0.5,0.8527944,
2020-01-15,13:39:01.3461,InputWindowOpen,NA,NA,NA,NA,NA,NA,NA,NA,NA,NA,NA,NA,NA,0.2,0.4,0.4,20,2.5,2,Running,MeetDesignGoals,0.5,1,0.25,0.5,0.8527944,
2020-01-15,13:39:01.6004,KeyDown,T,0,0,0,CorrectKey,T,None,2,Correct,Fast,Accepted,TYUI,ClosedByInputThreshold,0.2,0.4,0.4,20,2.5,2,Running,MeetDesignGoals,0.5,1,0.25,0.5,0.8527944,
2020-01-15,13:39:01.9409,KeyDown,Y,0.340416,0.340416,1,CorrectKey,Y,I,2,Correct,Fast,Accepted,TYUI,ClosedByInputThreshold,0.2,0.4,0.4,20,2.5,2,Running,MeetDesignGoals,0.5,1,0.25,0.5,0.8527944,
2020-01-15,13:39:01.9419,KeyDown,I,0.340416,0,2,CorrectKey,Y,I,2,Correct,Fast,Accepted,TYUI,ClosedByInputThreshold,0.2,0.4,0.4,20,2.5,2,Running,MeetDesignGoals,0.5,1,0.25,0.5,0.8527944,
2020-01-15,13:39:02.2121,KeyDown,U,0.6117513,0.2713353,3,CorrectKey,U,None,2,Correct,Fast,Accepted,TYUI,ClosedByInputThreshold,0.2,0.4,0.4,20,2.5,2,Running,MeetDesignGoals,0.5,1,0.25,0.5,0.8527944,
2020-01-15,13:39:02.2151,KeySequenceStopped,NA,0.6286995,0.0169482,NA,NA,NA,NA,2,Correct,Fast,Accepted,TYUI,ClosedByInputThreshold,0.2,0.4,0.4,20,2.5,2,Running,MeetDesignGoals,0.5,1,0.25,0.5,0.8527944,
2020-01-15,13:39:03.3514,InputWindowClosed,NA,NA,NA,NA,NA,NA,NA,NA,NA,NA,NA,NA,NA,0.2,0.4,0.4,20,2.5,2,Running,MeetDesignGoals,0.5,1,0.25,0.5,0.8527944,
2020-01-15,13:39:03.3514,DecisionRejectAllInput,NA,NA,NA,NA,NA,NA,NA,NA,NA,NA,NA,NA,NA,0.2,0.4,0.4,20,2.5,2,Running,MeetDesignGoals,0.3333333,1,0.25,0.3333333,0.8941473,
2020-01-15,13:39:03.3524,NewPolicyMeetDesignGoals,NA,NA,NA,NA,NA,NA,NA,NA,NA,NA,NA,NA,NA,0.2,0.4,0.4,20,2.5,2,Running,MeetDesignGoals,0.3333333,1,0.25,0.3333333,0.8941473,
2020-01-15,13:39:02.7897,KeyDown,T,0,0,0,CorrectKey,T,None,3,Correct,Fast,Accepted,TYUI,ClosedByInputThreshold,0.2,0.4,0.4,20,2.5,2,Running,MeetDesignGoals,0.3333333,1,0.25,0.3333333,0.8941473,
2020-01-15,13:39:03.0623,KeyDown,Y,0.2716555,0.2716555,1,CorrectKey,Y,I,3,Correct,Fast,Accepted,TYUI,ClosedByInputThreshold,0.2,0.4,0.4,20,2.5,2,Running,MeetDesignGoals,0.3333333,1,0.25,0.3333333,0.8941473,
2020-01-15,13:39:03.1121,KeyDown,I,0.322516,0.0508605,2,CorrectKey,Y,I,3,Correct,Fast,Accepted,TYUI,ClosedByInputThreshold,0.2,0.4,0.4,20,2.5,2,Running,MeetDesignGoals,0.3333333,1,0.25,0.3333333,0.8941473,
2020-01-15,13:39:03.5369,KeyDown,U,0.7472818,0.424766,3,CorrectKey,U,None,3,Correct,Fast,Accepted,TYUI,ClosedByInputThreshold,0.2,0.4,0.4,20,2.5,2,Running,MeetDesignGoals,0.3333333,1,0.25,0.3333333,0.8941473,
2020-01-15,13:39:03.5399,KeySequenceStopped,NA,0.764231,0.0169491,NA,NA,NA,NA,3,Correct,Fast,Accepted,TYUI,ClosedByInputThreshold,0.2,0.4,0.4,20,2.5,2,Running,MeetDesignGoals,0.3333333,1,0.25,0.3333333,0.8941473,
2020-01-15,13:39:05.8632,InputWindowOpen,NA,NA,NA,NA,NA,NA,NA,NA,NA,NA,NA,NA,NA,0.2,0.4,0.4,20,2.5,2,Running,MeetDesignGoals,0.3333333,1,0.25,0.3333333,0.8941473,
2020-01-15,13:39:06.1874,KeyDown,T,0,0,0,CorrectKey,T,None,4,Correct,Fast,Accepted,TYUI,ClosedByInputThreshold,0.2,0.4,0.4,20,2.5,2,Running,MeetDesignGoals,0.3333333,1,0.25,0.3333333,0.8941473,
2020-01-15,13:39:06.4596,KeyDown,Y,0.271289,0.271289,1,CorrectKey,Y,I,4,Correct,Fast,Accepted,TYUI,ClosedByInputThreshold,0.2,0.4,0.4,20,2.5,2,Running,MeetDesignGoals,0.3333333,1,0.25,0.3333333,0.8941473,
2020-01-15,13:39:06.5095,KeyDown,I,0.3221516,0.0508626,2,CorrectKey,Y,I,4,Correct,Fast,Accepted,TYUI,ClosedByInputThreshold,0.2,0.4,0.4,20,2.5,2,Running,MeetDesignGoals,0.3333333,1,0.25,0.3333333,0.8941473,
2020-01-15,13:39:06.7983,KeyDown,U,0.6108103,0.2886587,3,CorrectKey,U,None,4,Correct,Fast,Accepted,TYUI,ClosedByInputThreshold,0.2,0.4,0.4,20,2.5,2,Running,MeetDesignGoals,0.3333333,1,0.25,0.3333333,0.8941473,
2020-01-15,13:39:06.8013,KeySequenceStopped,NA,0.6278188,0.0170084,NA,NA,NA,NA,4,Correct,Fast,Accepted,TYUI,ClosedByInputThreshold,0.2,0.4,0.4,20,2.5,2,Running,MeetDesignGoals,0.3333333,1,0.25,0.3333333,0.8941473,
2020-01-15,13:39:07.0205,InputWindowClosed,NA,NA,NA,NA,NA,NA,NA,NA,NA,NA,NA,NA,NA,0.2,0.4,0.4,20,2.5,2,Running,MeetDesignGoals,0.3333333,1,0.25,0.3333333,0.8941473,
2020-01-15,13:39:07.0205,DecisionFabInput,NA,NA,NA,NA,NA,NA,NA,NA,NA,NA,NA,NA,NA,0.2,0.4,0.4,20,2.5,2,Running,MeetDesignGoals,0.25,1,0.25,0.25,1.15341,
2020-01-15,13:39:07.0215,NewPolicyMeetDesignGoals,NA,NA,NA,NA,NA,NA,NA,NA,NA,NA,NA,NA,NA,0.2,0.4,0.4,20,2.5,2,Running,MeetDesignGoals,0.25,1,0.25,0.25,1.15341,
2020-01-15,13:39:07.4943,KeyDown,T,0,0,0,CorrectKey,T,None,5,Correct,Slow,Rejected,TYUI,ClosedByDeadzone,0.2,0.4,0.4,20,2.5,2,Running,MeetDesignGoals,0.25,1,0.25,0.25,1.15341,
2020-01-15,13:39:08.2438,KeySequenceStopped,NA,0.7655361,0.7655361,NA,NA,NA,NA,5,Correct,Slow,Rejected,TYUI,ClosedByDeadzone,0.2,0.4,0.4,20,2.5,2,Running,MeetDesignGoals,0.25,1,0.25,0.25,1.15341,
2020-01-15,13:39:09.5346,InputWindowOpen,NA,NA,NA,NA,NA,NA,NA,NA,NA,NA,NA,NA,NA,0.2,0.4,0.4,20,2.5,2,Running,MeetDesignGoals,0.25,1,0.25,0.25,1.15341,
2020-01-15,13:39:10.0592,KeyDown,Y,0,0,NA,WrongKey,T,None,6,Mistyped,Fast,Rejected,TYUI,ClosedByInputThreshold,0.2,0.4,0.4,20,2.5,2,Running,MeetDesignGoals,0.25,1,0.25,0.25,1.15341,
2020-01-15,13:39:10.0602,KeyDown,I,0,0,1,CorrectKey,Y,I,6,Mistyped,Fast,Rejected,TYUI,ClosedByInputThreshold,0.2,0.4,0.4,20,2.5,2,Running,MeetDesignGoals,0.25,1,0.25,0.25,1.15341,
2020-01-15,13:39:10.3816,KeyDown,U,0.3223237,0.3223237,NA,WrongKey,Y,I,6,Mistyped,Fast,Rejected,TYUI,ClosedByInputThreshold,0.2,0.4,0.4,20,2.5,2,Running,MeetDesignGoals,0.25,1,0.25,0.25,1.15341,
2020-01-15,13:39:11.0767,KeyDown,T,1.017561,0.6952379,NA,WrongKey,U,None,6,Mistyped,Fast,Rejected,TYUI,ClosedByInputThreshold,0.2,0.4,0.4,20,2.5,2,Running,MeetDesignGoals,0.25,1,0.25,0.25,1.15341,
2020-01-15,13:39:11.0798,KeySequenceStopped,NA,1.03451,0.0169483,NA,NA,NA,NA,6,Mistyped,Fast,Rejected,TYUI,ClosedByInputThreshold,0.2,0.4,0.4,20,2.5,2,Running,MeetDesignGoals,0.25,1,0.25,0.25,1.15341,
2020-01-15,13:39:11.5375,InputWindowClosed,NA,NA,NA,NA,NA,NA,NA,NA,NA,NA,NA,NA,NA,0.2,0.4,0.4,20,2.5,2,Running,MeetDesignGoals,0.25,1,0.25,0.25,1.15341,
2020-01-15,13:39:11.5375,DecisionRejectAllInput,NA,NA,NA,NA,NA,NA,NA,NA,NA,NA,NA,NA,NA,0.2,0.4,0.4,20,2.5,2,Running,MeetDesignGoals,0.2,1,0.25,0.2,0.7921124,
2020-01-15,13:39:11.5385,NewPolicyMeetDesignGoals,NA,NA,NA,NA,NA,NA,NA,NA,NA,NA,NA,NA,NA,0.2,0.4,0.4,20,2.5,2,Running,MeetDesignGoals,0.2,1,0.25,0.2,0.7921124,
2020-01-15,13:39:11.3501,KeyDown,Y,0,0,NA,WrongKey,T,None,7,Mistyped,Slow,Rejected,TYUI,ClosedByDeadzone,0.2,0.4,0.4,20,2.5,2,Running,MeetDesignGoals,0.2,1,0.25,0.2,0.7921124,
2020-01-15,13:39:11.4358,KeyDown,I,0.0848424,0.0848424,1,CorrectKey,Y,I,7,Mistyped,Slow,Rejected,TYUI,ClosedByDeadzone,0.2,0.4,0.4,20,2.5,2,Running,MeetDesignGoals,0.2,1,0.25,0.2,0.7921124,
2020-01-15,13:39:12.1875,KeySequenceStopped,NA,0.8494101,0.7645675,NA,NA,NA,NA,7,Mistyped,Slow,Rejected,TYUI,ClosedByDeadzone,0.2,0.4,0.4,20,2.5,2,Running,MeetDesignGoals,0.2,1,0.25,0.2,0.7921124,
2020-01-15,13:39:14.0496,InputWindowOpen,NA,NA,NA,NA,NA,NA,NA,NA,NA,NA,NA,NA,NA,0.2,0.4,0.4,20,2.5,2,Running,MeetDesignGoals,0.2,1,0.25,0.2,0.7921124,
2020-01-15,13:39:15.0201,InputWindowClosed,NA,NA,NA,NA,NA,NA,NA,NA,NA,NA,NA,NA,NA,0.2,0.4,0.4,20,2.5,2,Running,MeetDesignGoals,0.2,1,0.25,0.2,0.7921124,
2020-01-15,13:39:15.0211,DecisionAcceptAllInput,NA,NA,NA,NA,NA,NA,NA,NA,NA,NA,NA,NA,NA,0.2,0.4,0.4,20,2.5,2,Running,MeetDesignGoals,0.3333333,1,0.25,0.3333333,1.147888,
2020-01-15,13:39:15.0221,NewPolicyMeetDesignGoals,NA,NA,NA,NA,NA,NA,NA,NA,NA,NA,NA,NA,NA,0.2,0.4,0.4,20,2.5,2,Running,MeetDesignGoals,0.3333333,1,0.25,0.3333333,1.147888,
2020-01-15,13:39:14.4056,KeyDown,T,0,0,0,CorrectKey,T,None,8,Correct,Fast,Accepted,TYUI,ClosedByInputThreshold,0.2,0.4,0.4,20,2.5,2,Running,MeetDesignGoals,0.3333333,1,0.25,0.3333333,1.147888,
2020-01-15,13:39:14.6947,KeyDown,Y,0.2888931,0.2888931,1,CorrectKey,Y,I,8,Correct,Fast,Accepted,TYUI,ClosedByInputThreshold,0.2,0.4,0.4,20,2.5,2,Running,MeetDesignGoals,0.3333333,1,0.25,0.3333333,1.147888,
2020-01-15,13:39:14.7455,KeyDown,I,0.3398381,0.050945,2,CorrectKey,Y,I,8,Correct,Fast,Accepted,TYUI,ClosedByInputThreshold,0.2,0.4,0.4,20,2.5,2,Running,MeetDesignGoals,0.3333333,1,0.25,0.3333333,1.147888,
2020-01-15,13:39:15.0181,KeyDown,U,0.6114793,0.2716413,3,CorrectKey,U,None,8,Correct,Fast,Accepted,TYUI,ClosedByInputThreshold,0.2,0.4,0.4,20,2.5,2,Running,MeetDesignGoals,0.3333333,1,0.25,0.3333333,1.147888,
2020-01-15,13:39:15.0201,KeySequenceStopped,NA,0.6284279,0.0169485,NA,NA,NA,NA,8,Correct,Fast,Accepted,TYUI,ClosedByInputThreshold,0.2,0.4,0.4,20,2.5,2,Running,MeetDesignGoals,0.3333333,1,0.25,0.3333333,1.147888,
2020-01-15,13:39:17.5326,InputWindowOpen,NA,NA,NA,NA,NA,NA,NA,NA,NA,NA,NA,NA,NA,0.2,0.4,0.4,20,2.5,2,Running,MeetDesignGoals,0.3333333,1,0.25,0.3333333,1.147888,
2020-01-15,13:39:17.7690,KeyDown,T,0,0,0,CorrectKey,T,None,9,Correct,Fast,Accepted,TYUI,ClosedByInputThreshold,0.2,0.4,0.4,20,2.5,2,Running,MeetDesignGoals,0.3333333,1,0.25,0.3333333,1.147888,
2020-01-15,13:39:18.0413,KeyDown,Y,0.2712921,0.2712921,1,CorrectKey,Y,I,9,Correct,Fast,Accepted,TYUI,ClosedByInputThreshold,0.2,0.4,0.4,20,2.5,2,Running,MeetDesignGoals,0.3333333,1,0.25,0.3333333,1.147888,
2020-01-15,13:39:18.0911,KeyDown,I,0.3221217,0.0508296,2,CorrectKey,Y,I,9,Correct,Fast,Accepted,TYUI,ClosedByInputThreshold,0.2,0.4,0.4,20,2.5,2,Running,MeetDesignGoals,0.3333333,1,0.25,0.3333333,1.147888,
2020-01-15,13:39:18.4482,KeyDown,U,0.6781946,0.3560728,3,CorrectKey,U,None,9,Correct,Fast,Accepted,TYUI,ClosedByInputThreshold,0.2,0.4,0.4,20,2.5,2,Running,MeetDesignGoals,0.3333333,1,0.25,0.3333333,1.147888,
2020-01-15,13:39:18.4502,KeySequenceStopped,NA,0.6951421,0.0169475,NA,NA,NA,NA,9,Correct,Fast,Accepted,TYUI,ClosedByInputThreshold,0.2,0.4,0.4,20,2.5,2,Running,MeetDesignGoals,0.3333333,1,0.25,0.3333333,1.147888,
2020-01-15,13:39:19.5333,InputWindowClosed,NA,NA,NA,NA,NA,NA,NA,NA,NA,NA,NA,NA,NA,0.2,0.4,0.4,20,2.5,2,Running,MeetDesignGoals,0.3333333,1,0.25,0.3333333,1.147888,
2020-01-15,13:39:19.5333,DecisionRejectAllInput,NA,NA,NA,NA,NA,NA,NA,NA,NA,NA,NA,NA,NA,0.2,0.4,0.4,20,2.5,2,Running,MeetDesignGoals,0.2857143,1,0.25,0.2857143,0.9219105,
2020-01-15,13:39:19.5343,NewPolicyMeetDesignGoals,NA,NA,NA,NA,NA,NA,NA,NA,NA,NA,NA,NA,NA,0.2,0.4,0.4,20,2.5,2,Running,MeetDesignGoals,0.2857143,1,0.25,0.2857143,0.9219105,
2020-01-15,13:39:22.0437,InputWindowOpen,NA,NA,NA,NA,NA,NA,NA,NA,NA,NA,NA,NA,NA,0.2,0.4,0.4,20,2.5,2,Running,MeetDesignGoals,0.2857143,1,0.25,0.2857143,0.9219105,
2020-01-15,13:39:22.4347,KeyDown,T,0,0,0,CorrectKey,T,None,10,Correct,Fast,Accepted,TYUI,ClosedByInputThreshold,0.2,0.4,0.4,20,2.5,2,Running,MeetDesignGoals,0.2857143,1,0.25,0.2857143,0.9219105,
2020-01-15,13:39:22.8088,KeyDown,Y,0.3741029,0.3741029,1,CorrectKey,Y,I,10,Correct,Fast,Accepted,TYUI,ClosedByInputThreshold,0.2,0.4,0.4,20,2.5,2,Running,MeetDesignGoals,0.2857143,1,0.25,0.2857143,0.9219105,
2020-01-15,13:39:22.8598,KeyDown,I,0.4249662,0.0508633,2,CorrectKey,Y,I,10,Correct,Fast,Accepted,TYUI,ClosedByInputThreshold,0.2,0.4,0.4,20,2.5,2,Running,MeetDesignGoals,0.2857143,1,0.25,0.2857143,0.9219105,
2020-01-15,13:39:23.1320,KeyDown,U,0.6971834,0.2722173,3,CorrectKey,U,None,10,Correct,Fast,Accepted,TYUI,ClosedByInputThreshold,0.2,0.4,0.4,20,2.5,2,Running,MeetDesignGoals,0.2857143,1,0.25,0.2857143,0.9219105,
2020-01-15,13:39:23.1340,KeySequenceStopped,NA,0.7141379,0.0169544,NA,NA,NA,NA,10,Correct,Fast,Accepted,TYUI,ClosedByInputThreshold,0.2,0.4,0.4,20,2.5,2,Running,MeetDesignGoals,0.2857143,1,0.25,0.2857143,0.9219105,
2020-01-15,13:39:24.0509,InputWindowClosed,NA,NA,NA,NA,NA,NA,NA,NA,NA,NA,NA,NA,NA,0.2,0.4,0.4,20,2.5,2,Running,MeetDesignGoals,0.2857143,1,0.25,0.2857143,0.9219105,
2020-01-15,13:39:24.0509,DecisionRejectAllInput,NA,NA,NA,NA,NA,NA,NA,NA,NA,NA,NA,NA,NA,0.2,0.4,0.4,20,2.5,2,Running,MeetDesignGoals,0.25,1,0.25,0.25,0.791111,
2020-01-15,13:39:24.0519,NewPolicyMeetDesignGoals,NA,NA,NA,NA,NA,NA,NA,NA,NA,NA,NA,NA,NA,0.2,0.4,0.4,20,2.5,2,Running,MeetDesignGoals,0.25,1,0.25,0.25,0.791111,
2020-01-15,13:39:23.8293,KeyDown,T,0,0,0,CorrectKey,T,None,11,Correct,Slow,Rejected,TYUI,ClosedByDeadzone,0.2,0.4,0.4,20,2.5,2,Running,MeetDesignGoals,0.25,1,0.25,0.25,0.791111,
2020-01-15,13:39:24.0330,KeyDown,Y,0.2046253,0.2046253,1,CorrectKey,Y,I,11,Correct,Slow,Rejected,TYUI,ClosedByDeadzone,0.2,0.4,0.4,20,2.5,2,Running,MeetDesignGoals,0.25,1,0.25,0.25,0.791111,
2020-01-15,13:39:24.0669,KeyDown,I,0.238534,0.0339087,2,CorrectKey,Y,I,11,Correct,Slow,Rejected,TYUI,ClosedByDeadzone,0.2,0.4,0.4,20,2.5,2,Running,MeetDesignGoals,0.25,1,0.25,0.25,0.791111,
2020-01-15,13:39:24.8157,KeySequenceStopped,NA,1.002267,0.7637326,NA,NA,NA,NA,11,Correct,Slow,Rejected,TYUI,ClosedByDeadzone,0.2,0.4,0.4,20,2.5,2,Running,MeetDesignGoals,0.25,1,0.25,0.25,0.791111,
2020-01-15,13:39:26.5632,InputWindowOpen,NA,NA,NA,NA,NA,NA,NA,NA,NA,NA,NA,NA,NA,0.2,0.4,0.4,20,2.5,2,Running,MeetDesignGoals,0.25,1,0.25,0.25,0.791111,
2020-01-15,13:39:27.3822,InputWindowClosed,NA,NA,NA,NA,NA,NA,NA,NA,NA,NA,NA,NA,NA,0.2,0.4,0.4,20,2.5,2,Running,MeetDesignGoals,0.25,1,0.25,0.25,0.791111,
2020-01-15,13:39:27.3832,DecisionAcceptAllInput,NA,NA,NA,NA,NA,NA,NA,NA,NA,NA,NA,NA,NA,0.2,0.4,0.4,20,2.5,2,Running,MeetDesignGoals,0.3333333,1,0.25,0.3333333,1.062135,
2020-01-15,13:39:27.3852,NewPolicyMeetDesignGoals,NA,NA,NA,NA,NA,NA,NA,NA,NA,NA,NA,NA,NA,0.2,0.4,0.4,20,2.5,2,Running,MeetDesignGoals,0.3333333,1,0.25,0.3333333,1.062135,
2020-01-15,13:39:26.8028,KeyDown,T,0,0,0,CorrectKey,T,None,12,Correct,Fast,Accepted,TYUI,ClosedByInputThreshold,0.2,0.4,0.4,20,2.5,2,Running,MeetDesignGoals,0.3333333,1,0.25,0.3333333,1.062135,
2020-01-15,13:39:27.0571,KeyDown,Y,0.2548409,0.2548409,1,CorrectKey,Y,I,12,Correct,Fast,Accepted,TYUI,ClosedByInputThreshold,0.2,0.4,0.4,20,2.5,2,Running,MeetDesignGoals,0.3333333,1,0.25,0.3333333,1.062135,
2020-01-15,13:39:27.1250,KeyDown,I,0.3226593,0.0678184,2,CorrectKey,Y,I,12,Correct,Fast,Accepted,TYUI,ClosedByInputThreshold,0.2,0.4,0.4,20,2.5,2,Running,MeetDesignGoals,0.3333333,1,0.25,0.3333333,1.062135,
2020-01-15,13:39:27.3793,KeyDown,U,0.5770079,0.2543485,3,CorrectKey,U,None,12,Correct,Fast,Accepted,TYUI,ClosedByInputThreshold,0.2,0.4,0.4,20,2.5,2,Running,MeetDesignGoals,0.3333333,1,0.25,0.3333333,1.062135,
2020-01-15,13:39:27.3822,KeySequenceStopped,NA,0.5939575,0.0169496,NA,NA,NA,NA,12,Correct,Fast,Accepted,TYUI,ClosedByInputThreshold,0.2,0.4,0.4,20,2.5,2,Running,MeetDesignGoals,0.3333333,1,0.25,0.3333333,1.062135,
2020-01-15,13:39:29.8949,InputWindowOpen,NA,NA,NA,NA,NA,NA,NA,NA,NA,NA,NA,NA,NA,0.2,0.4,0.4,20,2.5,2,Running,MeetDesignGoals,0.3333333,1,0.25,0.3333333,1.062135,
2020-01-15,13:39:30.2679,KeyDown,T,0,0,0,CorrectKey,T,None,13,Correct,Fast,Accepted,TYUI,ClosedByInputThreshold,0.2,0.4,0.4,20,2.5,2,Running,MeetDesignGoals,0.3333333,1,0.25,0.3333333,1.062135,
2020-01-15,13:39:30.5228,KeyDown,Y,0.254881,0.254881,1,CorrectKey,Y,I,13,Correct,Fast,Accepted,TYUI,ClosedByInputThreshold,0.2,0.4,0.4,20,2.5,2,Running,MeetDesignGoals,0.3333333,1,0.25,0.3333333,1.062135,
2020-01-15,13:39:30.5238,KeyDown,I,0.254881,0,2,CorrectKey,Y,I,13,Correct,Fast,Accepted,TYUI,ClosedByInputThreshold,0.2,0.4,0.4,20,2.5,2,Running,MeetDesignGoals,0.3333333,1,0.25,0.3333333,1.062135,
2020-01-15,13:39:30.8110,KeyDown,U,0.5431,0.288219,3,CorrectKey,U,None,13,Correct,Fast,Accepted,TYUI,ClosedByInputThreshold,0.2,0.4,0.4,20,2.5,2,Running,MeetDesignGoals,0.3333333,1,0.25,0.3333333,1.062135,
2020-01-15,13:39:30.8140,KeySequenceStopped,NA,0.5600518,0.0169518,NA,NA,NA,NA,13,Correct,Fast,Accepted,TYUI,ClosedByInputThreshold,0.2,0.4,0.4,20,2.5,2,Running,MeetDesignGoals,0.3333333,1,0.25,0.3333333,1.062135,
2020-01-15,13:39:30.8489,InputWindowClosed,NA,NA,NA,NA,NA,NA,NA,NA,NA,NA,NA,NA,NA,0.2,0.4,0.4,20,2.5,2,Running,MeetDesignGoals,0.3333333,1,0.25,0.3333333,1.062135,
2020-01-15,13:39:30.8499,DecisionFabInput,NA,NA,NA,NA,NA,NA,NA,NA,NA,NA,NA,NA,NA,0.2,0.4,0.4,20,2.5,2,Running,MeetDesignGoals,0.3,1,0.25,0.3,0.9476871,
2020-01-15,13:39:30.8509,NewPolicyMeetDesignGoals,NA,NA,NA,NA,NA,NA,NA,NA,NA,NA,NA,NA,NA,0.2,0.4,0.4,20,2.5,2,Running,MeetDesignGoals,0.3,1,0.25,0.3,0.9476871,
2020-01-15,13:39:33.3590,InputWindowOpen,NA,NA,NA,NA,NA,NA,NA,NA,NA,NA,NA,NA,NA,0.2,0.4,0.4,20,2.5,2,Running,MeetDesignGoals,0.3,1,0.25,0.3,0.9476871,
2020-01-15,13:39:33.7680,KeyDown,T,0,0,0,CorrectKey,T,None,14,Correct,Fast,Accepted,TYUI,ClosedByInputThreshold,0.2,0.4,0.4,20,2.5,2,Running,MeetDesignGoals,0.3,1,0.25,0.3,0.9476871,
2020-01-15,13:39:34.0907,KeyDown,I,0.3233085,0.3233085,1,CorrectKey,Y,I,14,Correct,Fast,Accepted,TYUI,ClosedByInputThreshold,0.2,0.4,0.4,20,2.5,2,Running,MeetDesignGoals,0.3,1,0.25,0.3,0.9476871,
2020-01-15,13:39:34.1076,KeyDown,Y,0.3402582,0.0169497,2,CorrectKey,Y,I,14,Correct,Fast,Accepted,TYUI,ClosedByInputThreshold,0.2,0.4,0.4,20,2.5,2,Running,MeetDesignGoals,0.3,1,0.25,0.3,0.9476871,
2020-01-15,13:39:34.3978,KeyDown,U,0.6294509,0.2891926,3,CorrectKey,U,None,14,Correct,Fast,Accepted,TYUI,ClosedByInputThreshold,0.2,0.4,0.4,20,2.5,2,Running,MeetDesignGoals,0.3,1,0.25,0.3,0.9476871,
2020-01-15,13:39:34.3998,KeySequenceStopped,NA,0.6472774,0.0178265,NA,NA,NA,NA,14,Correct,Fast,Accepted,TYUI,ClosedByInputThreshold,0.2,0.4,0.4,20,2.5,2,Running,MeetDesignGoals,0.3,1,0.25,0.3,0.9476871,
2020-01-15,13:39:35.3668,InputWindowClosed,NA,NA,NA,NA,NA,NA,NA,NA,NA,NA,NA,NA,NA,0.2,0.4,0.4,20,2.5,2,Running,MeetDesignGoals,0.3,1,0.25,0.3,0.9476871,
2020-01-15,13:39:35.3678,DecisionRejectAllInput,NA,NA,NA,NA,NA,NA,NA,NA,NA,NA,NA,NA,NA,0.2,0.4,0.4,20,2.5,2,Running,MeetDesignGoals,0.2727273,1,0.25,0.2727273,1.129182,
2020-01-15,13:39:35.3688,NewPolicyMeetDesignGoals,NA,NA,NA,NA,NA,NA,NA,NA,NA,NA,NA,NA,NA,0.2,0.4,0.4,20,2.5,2,Running,MeetDesignGoals,0.2727273,1,0.25,0.2727273,1.129182,
2020-01-15,13:39:35.0767,KeyDown,T,0,0,0,CorrectKey,T,None,15,Correct,Fast,Accepted,TYUI,ClosedByInputThreshold,0.2,0.4,0.4,20,2.5,2,Running,MeetDesignGoals,0.2727273,1,0.25,0.2727273,1.129182,
2020-01-15,13:39:35.2482,KeyDown,I,0.1712026,0.1712026,1,CorrectKey,Y,I,15,Correct,Fast,Accepted,TYUI,ClosedByInputThreshold,0.2,0.4,0.4,20,2.5,2,Running,MeetDesignGoals,0.2727273,1,0.25,0.2727273,1.129182,
2020-01-15,13:39:35.2981,KeyDown,Y,0.2220759,0.0508733,2,CorrectKey,Y,I,15,Correct,Fast,Accepted,TYUI,ClosedByInputThreshold,0.2,0.4,0.4,20,2.5,2,Running,MeetDesignGoals,0.2727273,1,0.25,0.2727273,1.129182,
2020-01-15,13:39:35.7059,KeyDown,U,0.6298795,0.4078035,3,CorrectKey,U,None,15,Correct,Fast,Accepted,TYUI,ClosedByInputThreshold,0.2,0.4,0.4,20,2.5,2,Running,MeetDesignGoals,0.2727273,1,0.25,0.2727273,1.129182,
2020-01-15,13:39:35.7079,KeySequenceStopped,NA,0.6468413,0.0169618,NA,NA,NA,NA,15,Correct,Fast,Accepted,TYUI,ClosedByInputThreshold,0.2,0.4,0.4,20,2.5,2,Running,MeetDesignGoals,0.2727273,1,0.25,0.2727273,1.129182,
2020-01-15,13:39:37.8788,InputWindowOpen,NA,NA,NA,NA,NA,NA,NA,NA,NA,NA,NA,NA,NA,0.2,0.4,0.4,20,2.5,2,Running,MeetDesignGoals,0.2727273,1,0.25,0.2727273,1.129182,
2020-01-15,13:39:38.5604,InputWindowClosed,NA,NA,NA,NA,NA,NA,NA,NA,NA,NA,NA,NA,NA,0.2,0.4,0.4,20,2.5,2,Running,MeetDesignGoals,0.2727273,1,0.25,0.2727273,1.129182,
2020-01-15,13:39:38.5614,DecisionAcceptAllInput,NA,NA,NA,NA,NA,NA,NA,NA,NA,NA,NA,NA,NA,0.2,0.4,0.4,20,2.5,2,Running,MeetDesignGoals,0.3333333,1,0.25,0.3333333,1.180604,
2020-01-15,13:39:38.5624,NewPolicyMeetDesignGoals,NA,NA,NA,NA,NA,NA,NA,NA,NA,NA,NA,NA,NA,0.2,0.4,0.4,20,2.5,2,Running,MeetDesignGoals,0.3333333,1,0.25,0.3333333,1.180604,
2020-01-15,13:39:38.0484,KeyDown,T,0,0,0,CorrectKey,T,None,16,Correct,Fast,Accepted,TYUI,ClosedByInputThreshold,0.2,0.4,0.4,20,2.5,2,Running,MeetDesignGoals,0.3333333,1,0.25,0.3333333,1.180604,
2020-01-15,13:39:38.2864,KeyDown,Y,0.2379988,0.2379988,1,CorrectKey,Y,I,16,Correct,Fast,Accepted,TYUI,ClosedByInputThreshold,0.2,0.4,0.4,20,2.5,2,Running,MeetDesignGoals,0.3333333,1,0.25,0.3333333,1.180604,
2020-01-15,13:39:38.2873,KeyDown,I,0.2379988,0,2,CorrectKey,Y,I,16,Correct,Fast,Accepted,TYUI,ClosedByInputThreshold,0.2,0.4,0.4,20,2.5,2,Running,MeetDesignGoals,0.3333333,1,0.25,0.3333333,1.180604,
2020-01-15,13:39:38.5583,KeyDown,U,0.50928,0.2712812,3,CorrectKey,U,None,16,Correct,Fast,Accepted,TYUI,ClosedByInputThreshold,0.2,0.4,0.4,20,2.5,2,Running,MeetDesignGoals,0.3333333,1,0.25,0.3333333,1.180604,
2020-01-15,13:39:38.5604,KeySequenceStopped,NA,0.5262294,0.0169494,NA,NA,NA,NA,16,Correct,Fast,Accepted,TYUI,ClosedByInputThreshold,0.2,0.4,0.4,20,2.5,2,Running,MeetDesignGoals,0.3333333,1,0.25,0.3333333,1.180604,
2020-01-15,13:39:41.0710,InputWindowOpen,NA,NA,NA,NA,NA,NA,NA,NA,NA,NA,NA,NA,NA,0.2,0.4,0.4,20,2.5,2,Running,MeetDesignGoals,0.3333333,1,0.25,0.3333333,1.180604,
2020-01-15,13:39:41.4634,KeyDown,T,0,0,0,CorrectKey,T,None,17,Correct,Slow,Rejected,TYUI,ClosedByDeadzone,0.2,0.4,0.4,20,2.5,2,Running,MeetDesignGoals,0.3333333,1,0.25,0.3333333,1.180604,
2020-01-15,13:39:41.6845,KeyDown,Y,0.2210812,0.2210812,1,CorrectKey,Y,I,17,Correct,Slow,Rejected,TYUI,ClosedByDeadzone,0.2,0.4,0.4,20,2.5,2,Running,MeetDesignGoals,0.3333333,1,0.25,0.3333333,1.180604,
2020-01-15,13:39:41.9774,KeyDown,I,0.5099548,0.2888735,2,CorrectKey,Y,I,17,Correct,Slow,Rejected,TYUI,ClosedByDeadzone,0.2,0.4,0.4,20,2.5,2,Running,MeetDesignGoals,0.3333333,1,0.25,0.3333333,1.180604,
2020-01-15,13:39:42.7226,KeySequenceStopped,NA,1.274186,0.7642308,NA,NA,NA,NA,17,Correct,Slow,Rejected,TYUI,ClosedByDeadzone,0.2,0.4,0.4,20,2.5,2,Running,MeetDesignGoals,0.3333333,1,0.25,0.3333333,1.180604,
2020-01-15,13:39:43.0785,InputWindowClosed,NA,NA,NA,NA,NA,NA,NA,NA,NA,NA,NA,NA,NA,0.2,0.4,0.4,20,2.5,2,Running,MeetDesignGoals,0.3333333,1,0.25,0.3333333,1.180604,
2020-01-15,13:39:43.0785,DecisionRejectAllInput,NA,NA,NA,NA,NA,NA,NA,NA,NA,NA,NA,NA,NA,0.2,0.4,0.4,20,2.5,2,Running,MeetDesignGoals,0.3076923,1,0.25,0.3076923,0.8029346,
2020-01-15,13:39:43.0795,NewPolicyMeetDesignGoals,NA,NA,NA,NA,NA,NA,NA,NA,NA,NA,NA,NA,NA,0.2,0.4,0.4,20,2.5,2,Running,MeetDesignGoals,0.3076923,1,0.25,0.3076923,0.8029346,
2020-01-15,13:39:42.7376,KeyDown,T,1.274186,0.7642308,0,CorrectKey,T,None,18,Mistyped,Slow,Rejected,TYUI,ClosedByDeadzone,0.2,0.4,0.4,20,2.5,2,Running,MeetDesignGoals,0.3076923,1,0.25,0.3076923,0.8029346,
2020-01-15,13:39:42.7386,KeyDown,Y,1.274186,0,1,CorrectKey,Y,I,18,Mistyped,Slow,Rejected,TYUI,ClosedByDeadzone,0.2,0.4,0.4,20,2.5,2,Running,MeetDesignGoals,0.3076923,1,0.25,0.3076923,0.8029346,
2020-01-15,13:39:42.9926,KeyDown,I,1.528473,0.2542881,2,CorrectKey,Y,I,18,Mistyped,Slow,Rejected,TYUI,ClosedByDeadzone,0.2,0.4,0.4,20,2.5,2,Running,MeetDesignGoals,0.3076923,1,0.25,0.3076923,0.8029346,
2020-01-15,13:39:43.1124,KeyDown,T,1.647997,0.1195239,NA,WrongKey,U,None,18,Mistyped,Slow,Rejected,TYUI,ClosedByDeadzone,0.2,0.4,0.4,20,2.5,2,Running,MeetDesignGoals,0.3076923,1,0.25,0.3076923,0.8029346,
2020-01-15,13:39:43.1124,KeyDown,Y,1.647997,0,NA,WrongKey,NA,NA,18,Mistyped,Slow,Rejected,TYUI,ClosedByDeadzone,0.2,0.4,0.4,20,2.5,2,Running,MeetDesignGoals,0.3076923,1,0.25,0.3076923,0.8029346,
2020-01-15,13:39:43.1124,KeyDown,I,1.647997,0,NA,WrongKey,NA,NA,18,Mistyped,Slow,Rejected,TYUI,ClosedByDeadzone,0.2,0.4,0.4,20,2.5,2,Running,MeetDesignGoals,0.3076923,1,0.25,0.3076923,0.8029346,
2020-01-15,13:39:43.8619,KeySequenceStopped,NA,2.41244,0.7644426,NA,NA,NA,NA,18,Mistyped,Slow,Rejected,TYUI,ClosedByDeadzone,0.2,0.4,0.4,20,2.5,2,Running,MeetDesignGoals,0.3076923,1,0.25,0.3076923,0.8029346,
2020-01-15,13:39:45.5907,InputWindowOpen,NA,NA,NA,NA,NA,NA,NA,NA,NA,NA,NA,NA,NA,0.2,0.4,0.4,20,2.5,2,Running,MeetDesignGoals,0.3076923,1,0.25,0.3076923,0.8029346,
2020-01-15,13:39:45.7772,KeyDown,T,0,0,0,CorrectKey,T,None,19,Correct,Fast,Accepted,TYUI,ClosedByInputThreshold,0.2,0.4,0.4,20,2.5,2,Running,MeetDesignGoals,0.3076923,1,0.25,0.3076923,0.8029346,
2020-01-15,13:39:45.9816,KeyDown,Y,0.2034187,0.2034187,1,CorrectKey,Y,I,19,Correct,Fast,Accepted,TYUI,ClosedByInputThreshold,0.2,0.4,0.4,20,2.5,2,Running,MeetDesignGoals,0.3076923,1,0.25,0.3076923,0.8029346,
2020-01-15,13:39:45.9816,KeyDown,I,0.2034187,0,2,CorrectKey,Y,I,19,Correct,Fast,Accepted,TYUI,ClosedByInputThreshold,0.2,0.4,0.4,20,2.5,2,Running,MeetDesignGoals,0.3076923,1,0.25,0.3076923,0.8029346,
2020-01-15,13:39:46.2698,KeyDown,U,0.491673,0.2882543,3,CorrectKey,U,None,19,Correct,Fast,Accepted,TYUI,ClosedByInputThreshold,0.2,0.4,0.4,20,2.5,2,Running,MeetDesignGoals,0.3076923,1,0.25,0.3076923,0.8029346,
2020-01-15,13:39:46.2718,KeySequenceStopped,NA,0.5086221,0.016949,NA,NA,NA,NA,19,Correct,Fast,Accepted,TYUI,ClosedByInputThreshold,0.2,0.4,0.4,20,2.5,2,Running,MeetDesignGoals,0.3076923,1,0.25,0.3076923,0.8029346,
2020-01-15,13:39:46.4579,InputWindowClosed,NA,NA,NA,NA,NA,NA,NA,NA,NA,NA,NA,NA,NA,0.2,0.4,0.4,20,2.5,2,Running,MeetDesignGoals,0.3076923,1,0.25,0.3076923,0.8029346,
2020-01-15,13:39:46.4579,DecisionFabInput,NA,NA,NA,NA,NA,NA,NA,NA,NA,NA,NA,NA,NA,0.2,0.4,0.4,20,2.5,2,Running,MeetDesignGoals,0.2857143,1,0.25,0.2857143,0.861378,
2020-01-15,13:39:46.4588,NewPolicyMeetDesignGoals,NA,NA,NA,NA,NA,NA,NA,NA,NA,NA,NA,NA,NA,0.2,0.4,0.4,20,2.5,2,Running,MeetDesignGoals,0.2857143,1,0.25,0.2857143,0.861378,
2020-01-15,13:39:48.9712,InputWindowOpen,NA,NA,NA,NA,NA,NA,NA,NA,NA,NA,NA,NA,NA,0.2,0.4,0.4,20,2.5,2,Running,MeetDesignGoals,0.2857143,1,0.25,0.2857143,0.861378,
2020-01-15,13:39:49.2425,KeyDown,T,0,0,0,CorrectKey,T,None,20,Correct,Fast,Accepted,TYUI,ClosedByInputThreshold,0.2,0.4,0.4,20,2.5,2,Running,MeetDesignGoals,0.2857143,1,0.25,0.2857143,0.861378,
2020-01-15,13:39:49.4977,KeyDown,I,0.2543101,0.2543101,1,CorrectKey,Y,I,20,Correct,Fast,Accepted,TYUI,ClosedByInputThreshold,0.2,0.4,0.4,20,2.5,2,Running,MeetDesignGoals,0.2857143,1,0.25,0.2857143,0.861378,
2020-01-15,13:39:49.5646,KeyDown,Y,0.322119,0.0678089,2,CorrectKey,Y,I,20,Correct,Fast,Accepted,TYUI,ClosedByInputThreshold,0.2,0.4,0.4,20,2.5,2,Running,MeetDesignGoals,0.2857143,1,0.25,0.2857143,0.861378,
2020-01-15,13:39:49.8708,KeyDown,U,0.6283312,0.3062122,3,CorrectKey,U,None,20,Correct,Fast,Accepted,TYUI,ClosedByInputThreshold,0.2,0.4,0.4,20,2.5,2,Running,MeetDesignGoals,0.2857143,1,0.25,0.2857143,0.861378,
2020-01-15,13:39:49.8728,KeySequenceStopped,NA,0.6452718,0.0169406,NA,NA,NA,NA,20,Correct,Fast,Accepted,TYUI,ClosedByInputThreshold,0.2,0.4,0.4,20,2.5,2,Running,MeetDesignGoals,0.2857143,1,0.25,0.2857143,0.861378,
2020-01-15,13:39:50.9785,InputWindowClosed,NA,NA,NA,NA,NA,NA,NA,NA,NA,NA,NA,NA,NA,0.2,0.4,0.4,20,2.5,2,Running,MeetDesignGoals,0.2857143,1,0.25,0.2857143,0.861378,
2020-01-15,13:39:50.9785,DecisionRejectAllInput,NA,NA,NA,NA,NA,NA,NA,NA,NA,NA,NA,NA,NA,0.2,0.4,0.4,20,2.5,2,Running,MeetDesignGoals,0.2666667,1,0.25,0.2666667,1.137647,
2020-01-15,13:39:50.9795,NewPolicyMeetDesignGoals,NA,NA,NA,NA,NA,NA,NA,NA,NA,NA,NA,NA,NA,0.2,0.4,0.4,20,2.5,2,Running,MeetDesignGoals,0.2666667,1,0.25,0.2666667,1.137647,
2020-01-15,13:39:51.1820,KeyDown,T,0,0,0,CorrectKey,T,None,21,Correct,Slow,Rejected,TYUI,ClosedByDeadzone,0.2,0.4,0.4,20,2.5,2,Running,MeetDesignGoals,0.2666667,1,0.25,0.2666667,1.137647,
2020-01-15,13:39:51.9287,KeySequenceStopped,NA,0.7630504,0.7630504,NA,NA,NA,NA,21,Correct,Slow,Rejected,TYUI,ClosedByDeadzone,0.2,0.4,0.4,20,2.5,2,Running,MeetDesignGoals,0.2666667,1,0.25,0.2666667,1.137647,
2020-01-15,13:39:53.4901,InputWindowOpen,NA,NA,NA,NA,NA,NA,NA,NA,NA,NA,NA,NA,NA,0.2,0.4,0.4,20,2.5,2,Running,MeetDesignGoals,0.2666667,1,0.25,0.2666667,1.137647,
2020-01-15,13:39:54.1698,KeyDown,Y,0,0,NA,WrongKey,T,None,22,Mistyped,Slow,Rejected,TYUI,ClosedByDeadzone,0.2,0.4,0.4,20,2.5,2,Running,MeetDesignGoals,0.2666667,1,0.25,0.2666667,1.137647,
2020-01-15,13:39:54.1708,KeyDown,I,0,0,1,CorrectKey,Y,I,22,Mistyped,Slow,Rejected,TYUI,ClosedByDeadzone,0.2,0.4,0.4,20,2.5,2,Running,MeetDesignGoals,0.2666667,1,0.25,0.2666667,1.137647,
2020-01-15,13:39:54.5089,KeyDown,U,0.3391016,0.3391016,NA,WrongKey,Y,I,22,Mistyped,Slow,Rejected,TYUI,ClosedByDeadzone,0.2,0.4,0.4,20,2.5,2,Running,MeetDesignGoals,0.2666667,1,0.25,0.2666667,1.137647,
2020-01-15,13:39:55.2586,KeySequenceStopped,NA,1.103964,0.7648627,NA,NA,NA,NA,22,Mistyped,Slow,Rejected,TYUI,ClosedByDeadzone,0.2,0.4,0.4,20,2.5,2,Running,MeetDesignGoals,0.2666667,1,0.25,0.2666667,1.137647,
2020-01-15,13:39:55.4950,InputWindowClosed,NA,NA,NA,NA,NA,NA,NA,NA,NA,NA,NA,NA,NA,0.2,0.4,0.4,20,2.5,2,Running,MeetDesignGoals,0.2666667,1,0.25,0.2666667,1.137647,
2020-01-15,13:39:55.4950,DecisionRejectAllInput,NA,NA,NA,NA,NA,NA,NA,NA,NA,NA,NA,NA,NA,0.2,0.4,0.4,20,2.5,2,Running,MeetDesignGoals,0.25,1,0.25,0.25,0.9294901,
2020-01-15,13:39:55.4960,NewPolicyMeetDesignGoals,NA,NA,NA,NA,NA,NA,NA,NA,NA,NA,NA,NA,NA,0.2,0.4,0.4,20,2.5,2,Running,MeetDesignGoals,0.25,1,0.25,0.25,0.9294901,
2020-01-15,13:39:57.1081,KeyDown,T,0,0,0,CorrectKey,T,None,23,Correct,Slow,Rejected,TYUI,ClosedByDeadzone,0.2,0.4,0.4,20,2.5,2,Running,MeetDesignGoals,0.25,1,0.25,0.25,0.9294901,
2020-01-15,13:39:57.8558,KeySequenceStopped,NA,0.7636732,0.7636732,NA,NA,NA,NA,23,Correct,Slow,Rejected,TYUI,ClosedByDeadzone,0.2,0.4,0.4,20,2.5,2,Running,MeetDesignGoals,0.25,1,0.25,0.25,0.9294901,
2020-01-15,13:39:58.0084,InputWindowOpen,NA,NA,NA,NA,NA,NA,NA,NA,NA,NA,NA,NA,NA,0.2,0.4,0.4,20,2.5,2,Running,MeetDesignGoals,0.25,1,0.25,0.25,0.9294901,
2020-01-15,13:39:59.2501,InputWindowClosed,NA,NA,NA,NA,NA,NA,NA,NA,NA,NA,NA,NA,NA,0.2,0.4,0.4,20,2.5,2,Running,MeetDesignGoals,0.25,1,0.25,0.25,0.9294901,
2020-01-15,13:39:59.2501,DecisionFabInput,NA,NA,NA,NA,NA,NA,NA,NA,NA,NA,NA,NA,NA,0.2,0.4,0.4,20,2.5,2,Running,MeetDesignGoals,0.2352941,1,0.25,0.2352941,1.226425,
2020-01-15,13:39:59.2511,NewPolicyMeetDesignGoals,NA,NA,NA,NA,NA,NA,NA,NA,NA,NA,NA,NA,NA,0.2,0.4,0.4,20,2.5,2,Running,MeetDesignGoals,0.2352941,1,0.25,0.2352941,1.226425,
2020-01-15,13:39:58.4497,KeyDown,I,0,0,NA,WrongKey,T,None,24,Mistyped,Slow,Rejected,TYUI,ClosedByDeadzone,0.2,0.4,0.4,20,2.5,2,Running,MeetDesignGoals,0.2352941,1,0.25,0.2352941,1.226425,
2020-01-15,13:39:58.4666,KeyDown,Y,0.0169496,0.0169496,1,CorrectKey,Y,I,24,Mistyped,Slow,Rejected,TYUI,ClosedByDeadzone,0.2,0.4,0.4,20,2.5,2,Running,MeetDesignGoals,0.2352941,1,0.25,0.2352941,1.226425,
2020-01-15,13:39:58.7562,KeyDown,U,0.3056521,0.2887025,NA,WrongKey,Y,I,24,Mistyped,Slow,Rejected,TYUI,ClosedByDeadzone,0.2,0.4,0.4,20,2.5,2,Running,MeetDesignGoals,0.2352941,1,0.25,0.2352941,1.226425,
2020-01-15,13:39:59.5054,KeySequenceStopped,NA,1.070711,0.7650586,NA,NA,NA,NA,24,Mistyped,Slow,Rejected,TYUI,ClosedByDeadzone,0.2,0.4,0.4,20,2.5,2,Running,MeetDesignGoals,0.2352941,1,0.25,0.2352941,1.226425,
2020-01-15,13:40:01.7623,InputWindowOpen,NA,NA,NA,NA,NA,NA,NA,NA,NA,NA,NA,NA,NA,0.2,0.4,0.4,20,2.5,2,Running,MeetDesignGoals,0.2352941,1,0.25,0.2352941,1.226425,
2020-01-15,13:40:02.7169,InputWindowClosed,NA,NA,NA,NA,NA,NA,NA,NA,NA,NA,NA,NA,NA,0.2,0.4,0.4,20,2.5,2,Running,MeetDesignGoals,0.2352941,1,0.25,0.2352941,1.226425,
2020-01-15,13:40:02.7179,DecisionAcceptAllInput,NA,NA,NA,NA,NA,NA,NA,NA,NA,NA,NA,NA,NA,0.2,0.4,0.4,20,2.5,2,Running,MeetDesignGoals,0.2777778,1,0.25,0.2777778,0.9759625,
2020-01-15,13:40:02.7188,NewPolicyMeetDesignGoals,NA,NA,NA,NA,NA,NA,NA,NA,NA,NA,NA,NA,NA,0.2,0.4,0.4,20,2.5,2,Running,MeetDesignGoals,0.2777778,1,0.25,0.2777778,0.9759625,
2020-01-15,13:40:02.1026,KeyDown,T,0,0,0,CorrectKey,T,None,25,Correct,Fast,Accepted,TYUI,ClosedByInputThreshold,0.2,0.4,0.4,20,2.5,2,Running,MeetDesignGoals,0.2777778,1,0.25,0.2777778,0.9759625,
2020-01-15,13:40:02.3406,KeyDown,I,0.2380417,0.2380417,1,CorrectKey,Y,I,25,Correct,Fast,Accepted,TYUI,ClosedByInputThreshold,0.2,0.4,0.4,20,2.5,2,Running,MeetDesignGoals,0.2777778,1,0.25,0.2777778,0.9759625,
2020-01-15,13:40:02.4253,KeyDown,Y,0.3228067,0.084765,2,CorrectKey,Y,I,25,Correct,Fast,Accepted,TYUI,ClosedByInputThreshold,0.2,0.4,0.4,20,2.5,2,Running,MeetDesignGoals,0.2777778,1,0.25,0.2777778,0.9759625,
2020-01-15,13:40:02.7148,KeyDown,U,0.6113928,0.2885861,3,CorrectKey,U,None,25,Correct,Fast,Accepted,TYUI,ClosedByInputThreshold,0.2,0.4,0.4,20,2.5,2,Running,MeetDesignGoals,0.2777778,1,0.25,0.2777778,0.9759625,
2020-01-15,13:40:02.7169,KeySequenceStopped,NA,0.6283429,0.0169501,NA,NA,NA,NA,25,Correct,Fast,Accepted,TYUI,ClosedByInputThreshold,0.2,0.4,0.4,20,2.5,2,Running,MeetDesignGoals,0.2777778,1,0.25,0.2777778,0.9759625,
2020-01-15,13:40:05.2268,InputWindowOpen,NA,NA,NA,NA,NA,NA,NA,NA,NA,NA,NA,NA,NA,0.2,0.4,0.4,20,2.5,2,Running,MeetDesignGoals,0.2777778,1,0.25,0.2777778,0.9759625,
2020-01-15,13:40:06.2477,InputWindowClosed,NA,NA,NA,NA,NA,NA,NA,NA,NA,NA,NA,NA,NA,0.2,0.4,0.4,20,2.5,2,Running,MeetDesignGoals,0.2777778,1,0.25,0.2777778,0.9759625,
2020-01-15,13:40:06.2487,DecisionAcceptAllInput,NA,NA,NA,NA,NA,NA,NA,NA,NA,NA,NA,NA,NA,0.2,0.4,0.4,20,2.5,2,Running,MeetDesignGoals,0.3157895,1,0.25,0.3157895,0.7856884,
2020-01-15,13:40:06.2507,NewPolicyMeetDesignGoals,NA,NA,NA,NA,NA,NA,NA,NA,NA,NA,NA,NA,NA,0.2,0.4,0.4,20,2.5,2,Running,MeetDesignGoals,0.3157895,1,0.25,0.3157895,0.7856884,
2020-01-15,13:40:05.5157,KeyDown,T,0,0,0,CorrectKey,T,None,26,Correct,Fast,Accepted,TYUI,ClosedByInputThreshold,0.2,0.4,0.4,20,2.5,2,Running,MeetDesignGoals,0.3157895,1,0.25,0.3157895,0.7856884,
2020-01-15,13:40:05.8209,KeyDown,I,0.3052477,0.3052477,1,CorrectKey,Y,I,26,Correct,Fast,Accepted,TYUI,ClosedByInputThreshold,0.2,0.4,0.4,20,2.5,2,Running,MeetDesignGoals,0.3157895,1,0.25,0.3157895,0.7856884,
2020-01-15,13:40:05.9057,KeyDown,Y,0.3900188,0.0847711,2,CorrectKey,Y,I,26,Correct,Fast,Accepted,TYUI,ClosedByInputThreshold,0.2,0.4,0.4,20,2.5,2,Running,MeetDesignGoals,0.3157895,1,0.25,0.3157895,0.7856884,
2020-01-15,13:40:06.2448,KeyDown,U,0.7291262,0.3391074,3,CorrectKey,U,None,26,Correct,Fast,Accepted,TYUI,ClosedByInputThreshold,0.2,0.4,0.4,20,2.5,2,Running,MeetDesignGoals,0.3157895,1,0.25,0.3157895,0.7856884,
2020-01-15,13:40:06.2467,KeySequenceStopped,NA,0.7460746,0.0169484,NA,NA,NA,NA,26,Correct,Fast,Accepted,TYUI,ClosedByInputThreshold,0.2,0.4,0.4,20,2.5,2,Running,MeetDesignGoals,0.3157895,1,0.25,0.3157895,0.7856884,
2020-01-15,13:40:08.7571,InputWindowOpen,NA,NA,NA,NA,NA,NA,NA,NA,NA,NA,NA,NA,NA,0.2,0.4,0.4,20,2.5,2,Running,MeetDesignGoals,0.3157895,1,0.25,0.3157895,0.7856884,
2020-01-15,13:40:09.7433,InputWindowClosed,NA,NA,NA,NA,NA,NA,NA,NA,NA,NA,NA,NA,NA,0.2,0.4,0.4,20,2.5,2,Running,MeetDesignGoals,0.3157895,1,0.25,0.3157895,0.7856884,
2020-01-15,13:40:09.7433,DecisionAcceptAllInput,NA,NA,NA,NA,NA,NA,NA,NA,NA,NA,NA,NA,NA,0.2,0.4,0.4,20,2.5,2,Running,MeetDesignGoals,0.35,1,0.25,0.35,0.9998982,
2020-01-15,13:40:09.7453,NewPolicyMeetDesignGoals,NA,NA,NA,NA,NA,NA,NA,NA,NA,NA,NA,NA,NA,0.2,0.4,0.4,20,2.5,2,Running,MeetDesignGoals,0.35,1,0.25,0.35,0.9998982,
2020-01-15,13:40:08.9774,KeyDown,T,0,0,0,CorrectKey,T,None,27,Correct,Fast,Accepted,TYUI,ClosedByInputThreshold,0.2,0.4,0.4,20,2.5,2,Running,MeetDesignGoals,0.35,1,0.25,0.35,0.9998982,
2020-01-15,13:40:09.3344,KeyDown,I,0.3559814,0.3559814,1,CorrectKey,Y,I,27,Correct,Fast,Accepted,TYUI,ClosedByInputThreshold,0.2,0.4,0.4,20,2.5,2,Running,MeetDesignGoals,0.35,1,0.25,0.35,0.9998982,
2020-01-15,13:40:09.4012,KeyDown,Y,0.4237864,0.067805,2,CorrectKey,Y,I,27,Correct,Fast,Accepted,TYUI,ClosedByInputThreshold,0.2,0.4,0.4,20,2.5,2,Running,MeetDesignGoals,0.35,1,0.25,0.35,0.9998982,
2020-01-15,13:40:09.7403,KeyDown,U,0.7629558,0.3391693,3,CorrectKey,U,None,27,Correct,Fast,Accepted,TYUI,ClosedByInputThreshold,0.2,0.4,0.4,20,2.5,2,Running,MeetDesignGoals,0.35,1,0.25,0.35,0.9998982,
2020-01-15,13:40:09.7423,KeySequenceStopped,NA,0.7799052,0.0169494,NA,NA,NA,NA,27,Correct,Fast,Accepted,TYUI,ClosedByInputThreshold,0.2,0.4,0.4,20,2.5,2,Running,MeetDesignGoals,0.35,1,0.25,0.35,0.9998982,
2020-01-15,13:40:12.2546,Stopped,NA,NA,NA,NA,NA,NA,NA,NA,NA,NA,NA,NA,NA,0.2,0.4,0.4,20,2.5,2,Stopped,MeetDesignGoals,0.35,1,0.25,0.35,0.9998982,
